Full Name,Email,Ticket Type,Company Name,Personal Message
Danielle Richards,guest1@gmail.com,VIP,Li and Sons,Leg beyond young focus pay own behind unit response feel.
David Williams,fernandezchristina@example.net,Student,Daniels and Sons,Mission rate five write quickly whether election grow necessary require field.
Ryan Owens,kyle41@example.org,VIP,"Davis, Rodriguez and Hanna",Game whatever available laugh blood win ahead article camera.
Susan Bowman,andrew69@example.com,VIP,Jimenez-Hahn,Series modern buy property industry attention provide movement appear rather recognize.
Alison Lester,janderson@example.com,Silver Pass,"Whitehead, Brown and Powell",Field itself take cut another each although process here black explain see between production.
Deborah Williams,steelesara@example.com,Standard,Hoover LLC,Door cut might heavy free.
Jacqueline Garcia,crussell@example.com,Silver Pass,Mayer Group,Thank challenge speak significant continue beyond great it rise.
Brian Heath,megananderson@example.org,Gold Pass,"Garcia, Carter and Ford",Bring career item than collection dream.
Sarah Beard,cookemichael@example.org,Silver Pass,Guzman-Martin,Response couple defense financial president example part want character kid church listen respond.
William White,newtonwhitney@example.com,Gold Pass,Knight-Clark,Can enough you woman me care call writer whom easy.
Carlos Obrien,ethandorsey@example.net,Gold Pass,Mcmillan PLC,Service lose actually open laugh conference near government.
Monica Bowen,estradadebbie@example.org,Gold Pass,Stanley-Marks,Majority beat buy bring central his.
William Lopez,hernandezlisa@example.net,Silver Pass,Zamora-Moore,Election particular place picture seem child decision campaign coach that can travel anyone table.
Debra Flores,gonzalezlisa@example.net,VIP,Anderson and Sons,Its stand parent specific form large future likely type speak bag tell upon such first executive career play firm.
Julie Oneill,cindyroman@example.org,Student,Brennan Group,Meeting truth wrong which beyond perform use.
Jordan Hernandez,cynthia56@example.com,VIP,Allen-Hill,Night what ball PM husband to future shake head be community organization.
Christine Thomas,jgonzalez@example.org,VIP,Vasquez Inc,Lawyer whatever early surface maybe fire.
Pamela Smith,jennifer24@example.com,Standard,"Hendricks, Munoz and Bailey",Concern site woman back prevent computer eat prevent professor.
Amanda Hamilton,fernandezchristina@example.net,Silver Pass,"Wheeler, Hess and Harrison",Could last team lay responsibility Mr.
Melanie Jones,larryfuller@example.org,Student,Murphy-White,Mission cover according certainly all.
