Name,Email,Type,Ticket Type,Expiry Date,Limit,Registered,Status,Company
Theresa Armstrong,vsmith@example.org,Personal,vip,2025-10-18,1,0,Active,Malone-Lee
Desiree Johnson,torressusan@example.com,Personal,gold,2025-10-18,1,0,Active,Byrd-Chapman
Gary Harris,debra69@example.com,Personal,vip,2025-10-18,1,0,Active,Levine-Hughes
Carol Scott,markhart@example.org,Personal,vip,2025-10-18,1,0,Active,"""Cummings"
Don Howard,whitejaclyn@example.net,Personal,vip,2025-10-18,1,0,Active,Bell-Cox
Dylan Graham,kevinrichardson@example.com,Personal,vip,2025-10-18,1,0,Active,Johnson-Henderson
Eric Randolph,owensnatalie@example.com,Personal,vip,2025-10-18,1,0,Active,Dennis-Thompson
Scott Kelly,davidsonlaura@example.net,Personal,vip,2025-10-18,1,0,Active,Turner-Rodriguez
Matthew Cannon,emalone@example.org,Personal,vip,2025-10-18,1,0,Active,"""Duncan"
Jacqueline Mueller,hwalker@example.net,Personal,vip,2025-10-18,1,0,Active,"""Stephenson"
Curtis Wilkins,helenmiller@example.org,Personal,platinum,2025-10-18,1,0,Active,Mendoza-Mcclain
Christopher Holloway,yorkjames@example.com,Personal,exhibitor,2025-10-18,1,0,Active,"""Griffin"
Susan Castillo,campbellchristian@example.com,Personal,platinum,2025-10-18,1,0,Active,Sheppard-Snyder
Daniel Stein,jessica50@example.com,Personal,gold,2025-10-18,1,0,Active,May Group
Sheri Baldwin,janicemartin@example.com,Personal,gold,2025-10-18,1,0,Active,Dillon PLC
Michele Riley,steve16@example.com,Personal,vip,2025-10-18,1,0,Active,Elliott Inc
Melissa Leon,bryan49@example.net,Personal,vip,2025-10-18,1,0,Active,Bond-Willis
Crystal White,sarah87@example.com,Personal,exhibitor,2025-10-18,1,0,Active,Jones-West
Gloria Jones,clarkemichael@example.com,Personal,gold,2025-10-18,1,0,Active,Ferguson-Woodard
Brian Mejia,tatekenneth@example.org,Personal,visitor,2025-10-18,1,0,Active,Ramos Group
Chad Simmons,millerholly@example.com,Personal,gold,2025-10-18,1,0,Active,Hall Group
Christy Sanders,wilsonjodi@example.net,Personal,gold,2025-10-18,1,0,Active,Clarke Inc
Ricardo Gay,adamsullivan@example.org,Personal,vip,2025-10-18,1,0,Active,Simmons Ltd
Cheryl Cole,annellis@example.org,Personal,platinum,2025-10-18,1,0,Active,"""Howard"
Virginia Clark,rollinspaul@example.com,Personal,platinum,2025-10-18,1,0,Active,"""Clayton"
Edward Pugh,elizabeth16@example.net,Personal,vip,2025-10-18,1,0,Active,Chapman-Perez
Douglas Brooks,rebecca85@example.org,Personal,vip,2025-10-18,1,0,Active,Perez-Hardy
Christopher Thornton,justin00@example.org,Personal,vip,2025-10-18,1,0,Active,Moreno Group
Gregory Hernandez,brandy01@example.org,Personal,vip,2025-10-18,1,0,Active,Humphrey-Harris
Nathan Braun,yjimenez@example.org,Personal,vip,2025-10-18,1,0,Active,Torres-Gutierrez
Anna Martinez,vellis@example.org,Personal,vip,2025-10-18,1,0,Active,Dunn-Acosta
James Price,anita69@example.net,Personal,vip,2025-10-18,1,0,Active,Ortiz LLC
Elizabeth Thomas,angela56@example.net,Personal,vip,2025-10-18,1,0,Active,Schmitt-Wilson
Frank Flores,dennis16@example.net,Personal,vip,2025-10-18,1,0,Active,Odom Ltd
Molly Murray,hwilliams@example.org,Personal,vip,2025-10-18,1,0,Active,Hahn and Sons
Sarah Woodward,curtis25@example.com,Personal,vip,2025-10-18,1,0,Active,"""Perez"
Sara Torres,sheltonkarl@example.net,Personal,vip,2025-10-18,1,0,Active,Sanchez Ltd
Deborah Barnes,jill36@example.net,Personal,vip,2025-10-18,1,0,Active,Rodriguez-Shea
Amy Meadows,jacobwagner@example.com,Personal,vip,2025-10-18,1,0,Active,"""Bryant"
Robert Moore,chamberserin@example.org,Personal,vip,2025-10-18,1,0,Active,"""Yates"
Sandra Fleming,philipmiller@example.org,Personal,vip,2025-10-18,1,0,Active,Bates-Cox
Dr. Antonio Cox Jr.,joanne77@example.org,Personal,vip,2025-10-18,1,0,Active,"""Heath"
Cindy Bowen,madison05@example.com,Personal,vip,2025-10-18,1,0,Active,Costa-White
Sarah Cox,lchapman@example.net,Personal,vip,2025-10-18,1,0,Active,"""Edwards"
Alisha Livingston,maldonadoandrew@example.com,Personal,vip,2025-10-18,1,0,Active,Adams Inc
Melissa Hunt,janicefleming@example.net,Personal,vip,2025-10-18,1,0,Active,White Inc
Jeffrey Rasmussen,wallacerenee@example.net,Personal,vip,2025-10-18,1,0,Active,"""Sanchez"
Lonnie Holmes,jensendenise@example.net,Personal,vip,2025-10-18,1,0,Active,Lowery LLC
Charles Day,jeffrey61@example.org,Personal,vip,2025-10-18,1,0,Active,"""Mitchell"
Chelsea Jones,corey92@example.org,Personal,vip,2025-10-18,1,0,Active,"""Turner"
Susan Stephens,jasonshaw@example.org,Personal,vip,2025-10-18,1,0,Active,"""Mercado"
Patrick Parker,christine11@example.net,Personal,vip,2025-10-18,1,0,Active,"""York"
Patrick Hill,nguyencolin@example.org,Personal,vip,2025-10-18,1,0,Active,Armstrong Group
Laura White,renee54@example.net,Personal,vip,2025-10-18,1,0,Active,Hernandez-Burns
Joshua West,davidkelley@example.net,Personal,vip,2025-10-18,1,0,Active,Hall-Morris
Mary Stein,kporter@example.org,Personal,vip,2025-10-18,1,0,Active,"""Ramirez"
Angela Wright,sjohnson@example.org,Personal,vip,2025-10-18,1,0,Active,Tucker-Frey
Morgan Hicks,leah54@example.org,Personal,vip,2025-10-18,1,0,Active,Pham Inc
Makayla Castro,johnhernandez@example.org,Personal,vip,2025-10-18,1,0,Active,"""Shepherd"
Richard Newman,kimberlylee@example.org,Personal,vip,2025-10-18,1,0,Active,Jones-Sims
Gabriel Moran,goodwinjacqueline@example.net,Personal,vip,2025-10-18,1,0,Active,"""Adams"
Cynthia Salazar,xgoodwin@example.com,Personal,vip,2025-10-18,1,0,Active,"""Rowe"
Dustin Watkins,stevenreynolds@example.net,Personal,vip,2025-10-18,1,0,Active,Watson-Koch
Joel White,christopherho@example.net,Personal,vip,2025-10-18,1,0,Active,"""Hawkins"
Todd Maldonado,cbooker@example.com,Personal,vip,2025-10-18,1,0,Active,"""Hall"
Sandra Mora,ssimpson@example.net,Personal,vip,2025-10-18,1,0,Active,Brown Group
Dr. Karen Fleming,williambryan@example.com,Personal,vip,2025-10-18,1,0,Active,Dickson Inc
Matthew Berger,alvarezrichard@example.com,Personal,vip,2025-10-18,1,0,Active,Combs-Marshall
Luis Smith,john51@example.net,Personal,vip,2025-10-18,1,0,Active,Craig-Simmons
Ashley Carter,wdaniels@example.com,Personal,vip,2025-10-18,1,0,Active,"""Curtis"
Michelle Collins,becksarah@example.com,Personal,vip,2025-10-18,1,0,Active,Boone and Sons
Angela Navarro,daniel20@example.com,Personal,vip,2025-10-18,1,0,Active,Martinez-Wheeler
Deanna Yu,taylor90@example.net,Personal,vip,2025-10-18,1,0,Active,Jones-Lewis
Pamela Martin,christophermiller@example.net,Personal,vip,2025-10-18,1,0,Active,Smith Inc
Audrey Moody,nicolebrown@example.org,Personal,vip,2025-10-18,1,0,Active,"""Peters"
Melissa Macdonald,nathaniel18@example.com,Personal,vip,2025-10-18,1,0,Active,Wood-Brandt
Lawrence Carter,fvalencia@example.com,Personal,vip,2025-10-18,1,0,Active,Roberson Ltd
Erin Miller,jamescollins@example.net,Personal,vip,2025-10-18,1,0,Active,Townsend Ltd
Felicia Blake,ahenderson@example.org,Personal,vip,2025-10-18,1,0,Active,Powell and Sons
Larry Morgan,melanielee@example.com,Personal,vip,2025-10-18,1,0,Active,Rocha-Franco
Amber Oconnor,dennis86@example.org,Personal,vip,2025-10-18,1,0,Active,Washington Inc
Joseph White,loganrobert@example.com,Personal,vip,2025-10-18,1,0,Active,Nelson-Holmes
Elizabeth Farmer,kimwalter@example.com,Personal,vip,2025-10-18,1,0,Active,Rivera LLC
Jane Smith,stephanietaylor@example.net,Personal,vip,2025-10-18,1,0,Active,Herring LLC
Tina Sosa,lunaandrea@example.net,Personal,vip,2025-10-18,1,0,Active,"""Sullivan"
Jerry Howard,warnerkaren@example.com,Personal,vip,2025-10-18,1,0,Active,Clarke-Hatfield
Lynn Wilson,kevin57@example.net,Personal,vip,2025-10-18,1,0,Active,Davis-Miller
Molly Romero,mcobb@example.com,Personal,vip,2025-10-18,1,0,Active,Garza Inc
Sean Owens,mary40@example.org,Personal,vip,2025-10-18,1,0,Active,Lin-Levy
Teresa Washington,tgriffin@example.com,Personal,vip,2025-10-18,1,0,Active,Cruz-Shaffer
Marissa Compton,frankdiaz@example.net,Personal,vip,2025-10-18,1,0,Active,"""Alvarez"
Zachary Romero,carpenterarthur@example.org,Personal,vip,2025-10-18,1,0,Active,"""Johnson"
Joseph Smith,timothy84@example.com,Personal,vip,2025-10-18,1,0,Active,"""Jarvis"
Tonya Neal,fowlerjeffrey@example.com,Personal,vip,2025-10-18,1,0,Active,"""Evans"
Christopher Wall,dalexander@example.net,Personal,vip,2025-10-18,1,0,Active,"""Gonzalez"
Keith Vasquez,ztaylor@example.net,Personal,vip,2025-10-18,1,0,Active,Young-Anderson
Brian Johnson MD,gina97@example.org,Personal,vip,2025-10-18,1,0,Active,Little LLC
Catherine Steele,leslie17@example.com,Personal,vip,2025-10-18,1,0,Active,Clark Inc
Devin Mcdonald,scott06@example.com,Personal,vip,2025-10-18,1,0,Active,"""Galvan"
Natasha Carson,imathews@example.org,Personal,vip,2025-10-18,1,0,Active,"""House"
Rebecca Harris,yyoung@example.com,Personal,vip,2025-10-18,1,0,Active,"""Hernandez"
Stephanie Marquez,jacksonalyssa@example.net,Personal,vip,2025-10-18,1,0,Active,Ray Inc
John Rogers,stephenabbott@example.com,Personal,vip,2025-10-18,1,0,Active,"""Murray"
Robert Bryant,kimberly64@example.com,Personal,vip,2025-10-18,1,0,Active,Walker-Reid
Paul Romero,timothylowery@example.com,Personal,vip,2025-10-18,1,0,Active,Wilson Inc
Lindsey Nelson,grahamkarina@example.net,Personal,vip,2025-10-18,1,0,Active,"""Brady"
Joy Rodriguez,turnerkristen@example.org,Personal,vip,2025-10-18,1,0,Active,Wilkinson-Gross
Jennifer Cabrera,lawsonbryce@example.net,Personal,vip,2025-10-18,1,0,Active,Ryan Inc
Leslie Welch,becky71@example.com,Personal,vip,2025-10-18,1,0,Active,Carpenter-Davis
Dana West,brooke44@example.net,Personal,vip,2025-10-18,1,0,Active,Brown-Bailey
Daniel Richardson,ebutler@example.net,Personal,vip,2025-10-18,1,0,Active,"""Evans"
Maria Taylor,qnewman@example.net,Personal,vip,2025-10-18,1,0,Active,Blake Ltd
Jennifer Gonzalez,srichardson@example.net,Personal,vip,2025-10-18,1,0,Active,Valenzuela Ltd
Teresa Woodward,hsullivan@example.com,Personal,vip,2025-10-18,1,0,Active,"""Cook"
Anthony Keller,kanderson@example.com,Personal,vip,2025-10-18,1,0,Active,Nichols-Palmer
Latasha Cummings,johnsonlori@example.org,Personal,vip,2025-10-18,1,0,Active,"""Carey"
Jared Barnes,fosterjasmine@example.org,Personal,vip,2025-10-18,1,0,Active,Zamora PLC
Mrs. Rebecca Barnett,ycastro@example.com,Personal,vip,2025-10-18,1,0,Active,Williams LLC
Zachary Brown,abigail83@example.com,Personal,vip,2025-10-18,1,0,Active,Robertson-Thomas
Beverly Brown,jeffrey16@example.com,Personal,vip,2025-10-18,1,0,Active,"""Friedman"
Christopher Smith,albert39@example.com,Personal,vip,2025-10-18,1,0,Active,"""Schmidt"
Jared Sanders,vmason@example.org,Personal,vip,2025-10-18,1,0,Active,"""Smith"
Kenneth Hall,emilymoran@example.org,Personal,vip,2025-10-18,1,0,Active,Lyons Ltd
Rick Lopez,leachstephen@example.com,Personal,vip,2025-10-18,1,0,Active,Ray Group
Glenda Henderson,samantha21@example.org,Personal,vip,2025-10-18,1,0,Active,Vargas Ltd
Allison Thompson,gonzalezdarlene@example.org,Personal,vip,2025-10-18,1,0,Active,Chavez LLC
Christopher Weber,daniel08@example.net,Personal,vip,2025-10-18,1,0,Active,Dean-Johnson
Michele Martinez,brettcoleman@example.net,Personal,vip,2025-10-18,1,0,Active,Robles LLC
Amber Curtis,austin83@example.net,Personal,vip,2025-10-18,1,0,Active,"""Serrano"
George Chambers,kristareyes@example.org,Personal,vip,2025-10-18,1,0,Active,Johnson-Kelley
Sheila Ramsey,thomasamanda@example.net,Personal,vip,2025-10-18,1,0,Active,Moran-Stanley
Heather Sanchez PhD,rileycourtney@example.net,Personal,vip,2025-10-18,1,0,Active,Bradshaw LLC
Alejandro Short,anthony99@example.org,Personal,vip,2025-10-18,1,0,Active,Reynolds and Sons
Patricia Johnson,davidmendez@example.org,Personal,vip,2025-10-18,1,0,Active,Morgan Ltd
Susan Martin,gutierrezrandy@example.com,Personal,vip,2025-10-18,1,0,Active,Turner LLC
Erin Arnold,nataliemcdaniel@example.com,Personal,vip,2025-10-18,1,0,Active,Johnston Ltd
Rachel Montgomery,christianwilliams@example.com,Personal,vip,2025-10-18,1,0,Active,Koch-Soto
Robert Valentine,chad43@example.org,Personal,vip,2025-10-18,1,0,Active,Jones PLC
Angela Garcia,waltersrandy@example.org,Personal,vip,2025-10-18,1,0,Active,"""Mccormick"
Justin Smith,nicholas29@example.net,Personal,vip,2025-10-18,1,0,Active,Baker LLC
Veronica Hurst,wparker@example.net,Personal,vip,2025-10-18,1,0,Active,"""Brown"
Larry Phillips,mendozathomas@example.org,Personal,vip,2025-10-18,1,0,Active,Morris and Sons
Jill Smith,velasquezronnie@example.org,Personal,vip,2025-10-18,1,0,Active,Harris-Kramer
Mr. Warren Stevenson,meghanstevens@example.com,Personal,vip,2025-10-18,1,0,Active,"""Rogers"
Laurie Walter,john38@example.org,Personal,vip,2025-10-18,1,0,Active,"""Keller"
Lisa Marshall,kyoder@example.org,Personal,vip,2025-10-18,1,0,Active,"""Mason"
Max Acosta,richardmarks@example.net,Personal,vip,2025-10-18,1,0,Active,Cooper Group
John Doe,john@example.com,Personal,visitor,2025-10-30,1,0,Active,ABC Corp
Jane Smith,jane@example.com,Personal,vip,2025-10-30,1,0,Active,XYZ Inc
Michael Chen,michael@tech.com,Personal,gold,2025-10-30,1,0,Active,Tech Innovations
Emma Wilson,emma@global.net,Personal,platinum,2025-10-30,1,0,Active,Global Partners
Alex Rivera,alex@startups.com,Personal,exhibitor,2025-10-30,1,0,Active,Startup Hub
