Full Name,Email,Ticket Type,Company Name,Personal Message
Corey Cameron,jeffreygreen@example.com,gold pass,Barnes and Sons,Improve foreign low push past money upon find.
Theresa Armstrong,vsmith@example.org,vip,Malone-Lee,Or hold east spend type not front upon specific.
Joseph Robinson,cooktami@example.com,platinum pass,Baker-Griffin,Threat home case hospital per or sense maybe.
Jeffrey Patterson,jennifer76@example.com,visitor pass,"""Smith","Phillips and Robinson"""
Desiree Johnson,torressusan@example.com,visitor pass,Byrd-Chapman,Raise little hundred politics tree star reality sell.
Gary Harris,debra69@example.com,vip,Levine-Hughes,Card next type firm five camera.
Jessica Rogers,stevenguerrero@example.com,gold pass,Davies-Allen,Baby safe final up here pick instead Mr.
Jasmine Nguyen,jennifer38@example.org,platinum pass,King LLC,Must whole story couple each task however.
Michelle Villarreal,brittany44@example.net,gold pass,"""Sutton","Santos and George"""
Andrew Hernandez,watsonsarah@example.org,platinum pass,"""Robinson","Fuller and Torres"""
Jeanette Ruiz,xhunter@example.com,visitor pass,Mcmillan PLC,Within about especially nation hope heavy girl way ground receive.
Carol Scott,markhart@example.org,vip,"""Cummings","Young and Dunn"""
Curtis English,joshua84@example.net,platinum pass,Eaton-Smith,Business expert letter some activity.
Leslie Woodward,mitchellnicole@example.com,exhibitor pass,"""Garcia","Johnson and Wagner"""
Morgan Spencer,craig85@example.org,visitor pass,Vargas LLC,See Mrs prepare focus level information medical political.
Don Howard,whitejaclyn@example.net,vip,Bell-Cox,Final traditional anyone glass fast character peace.
Diane Hall,amanda08@example.com,exhibitor pass,Roberts-Kelly,Campaign seat cultural or bring effort main.
Andrea Jacobs,icalhoun@example.net,gold pass,Mcdonald-White,Difference medical figure religious turn enter organization while big.
Keith Green,brooke19@example.net,gold pass,Hunt-Jenkins,Not really Republican rest imagine cause approach television interesting Democrat.
Dylan Graham,kevinrichardson@example.com,vip,Johnson-Henderson,President economic need environment present yes.
Dustin Thomas,gomezkimberly@example.net,gold pass,Deleon Group,Brother movie property staff color.
Garrett Garcia,amyhull@example.com,exhibitor pass,"""Padilla","Mcclure and Mcintyre"""
Eric Randolph,owensnatalie@example.com,vip,Dennis-Thompson,Which color sure lead other.
Caitlin Leach,dianacurtis@example.org,platinum pass,"""Mahoney","Garcia and Cantu"""
Scott Kelly,davidsonlaura@example.net,vip,Turner-Rodriguez,Clearly create term benefit product.
Tanya Serrano,anna34@example.net,visitor pass,Davis-Robinson,Main trouble whether hundred eight parent admit thing.
Matthew Cannon,emalone@example.org,vip,"""Duncan","Gardner and Jacobs"""
Jacqueline Mueller,hwalker@example.net,vip,"""Stephenson","Porter and Sandoval"""
Christine Gray,bstrong@example.com,visitor pass,Walters and Sons,Direction medical morning sort commercial impact send provide.
Bruce Brooks,stevenriggs@example.net,platinum pass,Todd-Lara,Television answer both side event place indeed someone.
Katie Carter,bowerscasey@example.org,visitor pass,"""Downs","Landry and Woodard"""
Timothy Lewis,fischerjoshua@example.com,platinum pass,"""Brown","Walter and Torres"""
Luis Hunter,fowlerstacey@example.org,platinum pass,"""Steele","Deleon and Carlson"""
David Blair,gberry@example.net,gold pass,Klein-Huff,Food arrive until tonight management carry pull article.
Jody Lucas,christian59@example.org,platinum pass,Alexander-Frazier,Break company get concern.
Curtis Wilkins,helenmiller@example.org,gold pass,Mendoza-Mcclain,Ever continue east before build sense although plant agent.
Christopher Holloway,yorkjames@example.com,platinum pass,"""Griffin","Wilcox and Hernandez"""
Susan Castillo,campbellchristian@example.com,platinum pass,Sheppard-Snyder,Arm player over keep leader everyone.
Daniel Stein,jessica50@example.com,exhibitor pass,May Group,Too participant street represent fear federal.
Sheri Baldwin,janicemartin@example.com,visitor pass,Dillon PLC,Between later character the age.
Michele Riley,steve16@example.com,vip,Elliott Inc,Each explain air include nice take own manage soldier animal.
Melissa Leon,bryan49@example.net,exhibitor pass,Bond-Willis,Scene sound determine score this sport summer population quite.
Crystal White,sarah87@example.com,visitor pass,Jones-West,Rock billion course list research.
Gloria Jones,clarkemichael@example.com,platinum pass,Ferguson-Woodard,Career determine single yard establish different cause.
Brian Mejia,tatekenneth@example.org,gold pass,Ramos Group,Generation owner great population toward.
Chad Simmons,millerholly@example.com,exhibitor pass,Hall Group,Result thank building none interesting always director score side right.
Christy Sanders,wilsonjodi@example.net,gold pass,Clarke Inc,Seven work hear four stage lead set nor indeed throughout.
Ricardo Gay,adamsullivan@example.org,gold pass,Simmons Ltd,End exist development impact boy though report focus.
Cheryl Cole,annellis@example.org,exhibitor pass,"""Howard","Anderson and James"""
Virginia Clark,rollinspaul@example.com,platinum pass,"""Clayton","Lowe and Deleon"""
Nichole Cox,cooperkrystal@example.org,platinum pass,"""Lopez","Webb and Lambert"""
Robin Hurst,craig34@example.org,visitor pass,Odom-Miranda,Under beyond campaign there political note available remain there.
Edward Pugh,elizabeth16@example.net,vip,Chapman-Perez,Push stock many difference public stay.
Sandra Morrison,oacosta@example.net,visitor pass,"""Cook","Wright and Santos"""
Christine Jackson,ygreen@example.com,platinum pass,Lewis LLC,Than time star third their partner hear though.
Michele Frazier,abeck@example.org,platinum pass,Melton Group,Yourself situation already very per something almost Congress.
Ernest White,ellisjoyce@example.net,visitor pass,Jones Ltd,Name how treat would thus.
Douglas Brooks,rebecca85@example.org,vip,Perez-Hardy,Back according rock event against various out seek little find.
Christopher Thornton,justin00@example.org,vip,Moreno Group,Parent accept themselves company here.
Jason Austin,paynewendy@example.net,platinum pass,Waters Group,Floor police interesting measure nothing on.
Scott Wilkins,williamfowler@example.org,visitor pass,"""Reese","Lee and Medina"""
Brandon Ramirez,currymichaela@example.org,visitor pass,Melton-Glenn,Simple fund discussion political serve seven.
James Klein,lopezmichael@example.net,visitor pass,"""Hawkins","Cooper and Orr"""
Joseph Turner,newtoncaleb@example.net,visitor pass,Lee-Cooper,Actually sound land difference production front.
Karen Manning,robert68@example.com,gold pass,"""Keller","Chen and Jones"""
Sharon Diaz,kevin00@example.com,gold pass,"""Long","Wyatt and Miller"""
Chad Luna,andrewspencer@example.net,visitor pass,"""Lewis","Moon and Fields"""
Sylvia Garcia,xhenry@example.org,platinum pass,Dyer-Salazar,Risk appear this conference size whole voice.
Kent Wiley,johnjohnson@example.com,platinum pass,"""Anderson","Smith and Lopez"""
Jill Ortiz,zcole@example.org,exhibitor pass,Mendoza PLC,Treatment ok black future sister modern check.
Jason Kramer,heidi64@example.net,platinum pass,"""Diaz","Johnson and Lawrence"""
Vanessa Watson,esmith@example.org,platinum pass,Hendrix and Sons,Energy open weight four population inside prepare.
Edward Koch Jr.,stephen25@example.com,exhibitor pass,Reilly PLC,Break nice camera less structure with no professor personal member mention.
Gregory Hernandez,brandy01@example.org,vip,Humphrey-Harris,Tax write mention get meeting necessary charge artist.
Jodi Marquez,juliawhite@example.net,gold pass,"""Holloway","Cooper and Brown"""
Shari Dorsey,ricksteele@example.net,visitor pass,Vasquez-Gonzalez,Pm night media myself call fight final again free better.
William Reed,xbrown@example.net,exhibitor pass,Haley-Hutchinson,Next may become thank civil live.
Nathan Braun,yjimenez@example.org,vip,Torres-Gutierrez,Traditional ability easy box bring.
David Banks,jonesangelica@example.org,exhibitor pass,Williams Inc,Budget professor college especially method occur.
Anna Martinez,vellis@example.org,vip,Dunn-Acosta,Decade professional health its only gun evening rock.
Keith Burton,xyoung@example.net,gold pass,"""Weaver","Ramirez and Wood"""
Sergio Snyder,sheila45@example.com,platinum pass,Hanson and Sons,Firm international wall under kind phone appear.
Crystal Decker,shannonarcher@example.org,visitor pass,Sharp Ltd,Stage travel turn myself according data live fire.
Danielle Pineda,beckdana@example.com,exhibitor pass,White Group,Affect protect he city treat she personal enter exactly tell.
Alexis Perry,duncantammy@example.org,visitor pass,"""Holland","Baker and Austin"""
Steven Carr,andersonashley@example.org,visitor pass,"""Romero","Riley and Morgan"""
James Price,anita69@example.net,vip,Ortiz LLC,Six series worker list town guy college suggest true situation benefit.
Elizabeth Thomas,angela56@example.net,vip,Schmitt-Wilson,Government itself only not visit front.
Jennifer Rice,christopherjones@example.net,platinum pass,"""Doyle","Whitney and Trujillo"""
Wanda Mercer,angelica19@example.com,exhibitor pass,Diaz Ltd,System him occur answer those moment door third player cost.
Brian Conley,nicolehughes@example.org,platinum pass,Bradley Ltd,Third message must work attorney just cold dark white everything.
Kendra Olson,deborah37@example.net,platinum pass,"""Lewis","Adams and Palmer"""
Frank Flores,dennis16@example.net,vip,Odom Ltd,Certain especially high avoid prove hand simple.
Tiffany Harris,crystal55@example.com,gold pass,Barker-Hill,Prove in condition produce add despite protect worker serve.
Molly Murray,hwilliams@example.org,vip,Hahn and Sons,Task quite cover cell assume positive design stop development.
Sarah Woodward,curtis25@example.com,vip,"""Perez","Bentley and Bernard"""
Sara Torres,sheltonkarl@example.net,vip,Sanchez Ltd,Dog middle evidence house.
Cassandra Johnson,thomasapril@example.com,gold pass,Smith and Sons,Environmental sound line outside strong thus idea civil.
Stephanie Bender,chapmanmichael@example.org,visitor pass,"""Jackson","Newton and Lynch"""
Thomas Wang,ydiaz@example.com,visitor pass,"""Marshall","Molina and Shaw"""
Ann Kirk,stephaniesmith@example.org,platinum pass,"""Dean","Chavez and Mccormick"""
Brady Quinn,johnnyramos@example.net,gold pass,"""Frank","Pierce and Dillon"""
Betty Benitez,donnamorris@example.com,visitor pass,Houston Ltd,Figure majority adult local state.
Gregory Glenn,tina74@example.org,platinum pass,"""Abbott","Nguyen and Taylor"""
Deborah Barnes,jill36@example.net,vip,Rodriguez-Shea,Right receive fight machine the film effort rather computer mean.
Amy Jones DVM,brianmartin@example.com,exhibitor pass,Robertson Ltd,Various both body at among determine oil image might.
Ryan Thomas,hoodkristen@example.org,gold pass,"""Green","Griffin and Henson"""
Charles Johnson,qtaylor@example.com,visitor pass,Collins-Campbell,Letter image pick field significant coach lot within.
Amy Meadows,jacobwagner@example.com,vip,"""Bryant","Brady and Carlson"""
Robert Moore,chamberserin@example.org,vip,"""Yates","Ingram and Weaver"""
Sandra Fleming,philipmiller@example.org,vip,Bates-Cox,Democrat at he do sister page factor difficult participant.
Andrea Clark,allenjerry@example.net,gold pass,Mendoza LLC,Card like laugh small early lay hotel easy.
Elizabeth Sullivan,jodyhaas@example.net,platinum pass,Wright PLC,Bit imagine save discuss program.
Christina Martin,qjohnson@example.com,exhibitor pass,Smith Inc,Fly near single everything between indicate.
Christopher Mitchell,laurasharp@example.com,exhibitor pass,Espinoza-Wells,Church quickly remain down word friend continue top.
Jim Hernandez,thomaskaren@example.org,platinum pass,Hughes-Gomez,Gas soon course past food go itself rock develop up.
Mr. Hunter Gray,taylorevans@example.net,platinum pass,"""Austin","Jackson and Jackson"""
Christie Gray,peterreed@example.org,visitor pass,"""Ali","Simmons and Taylor"""
Joshua Williams,bmyers@example.org,platinum pass,Singh Inc,Partner theory right lead few adult mission participant particular.
Michael Anderson,rickyfinley@example.org,exhibitor pass,"""Roberts","Mcmillan and King"""
Eric Burns,fraymond@example.com,gold pass,Wong-Moore,Professional ball hope why crime fly.
Dr. Antonio Cox Jr.,joanne77@example.org,vip,"""Heath","Ramirez and Evans"""
Cindy Bowen,madison05@example.com,vip,Costa-White,Type old maintain where someone she.
Lucas Burton,mary11@example.net,exhibitor pass,Martin-Weiss,Agent sign indeed interest.
Brittney Kelley,grossashley@example.com,platinum pass,Johnson-Elliott,Who act how cup site question Congress.
Sarah Cox,lchapman@example.net,vip,"""Edwards","Smith and Sawyer"""
Alisha Livingston,maldonadoandrew@example.com,vip,Adams Inc,Either drive structure lead behind space.
Melissa Reynolds,iharris@example.org,exhibitor pass,"""Dawson","Zimmerman and Nelson"""
Kyle Cannon,sarah68@example.org,gold pass,Jennings and Sons,Appear season yes reality nor time nor strategy weight.
Keith Fox,nathaniel94@example.net,gold pass,Rogers-Contreras,Nature buy involve often he style man back of.
Kimberly Clark,justin18@example.com,platinum pass,Walker and Sons,Into charge leader single on particular offer trial the dark.
Angela Levy,englishamber@example.org,visitor pass,"""Hill","Gonzalez and Carter"""
Melissa Hunt,janicefleming@example.net,vip,White Inc,Soon thus this law very.
Suzanne Arnold,ohinton@example.org,visitor pass,Ford Ltd,Inside skin western leg state indicate low new.
David Schwartz,amanda88@example.com,platinum pass,"""Rodriguez","Smith and Crane"""
Jeffrey Rasmussen,wallacerenee@example.net,vip,"""Sanchez","Wells and Morris"""
Kathleen Lane,cervanteslisa@example.com,visitor pass,Proctor-Johnson,Rise various interview popular radio fear even approach same occur.
Wesley Osborne,richard55@example.com,visitor pass,Perkins Ltd,Tree lead trial small environmental blue economy sister suffer.
Juan Terry,tschwartz@example.com,gold pass,"""Clark","White and Cardenas"""
Harry Mora,acarr@example.org,gold pass,"""Hamilton","Patterson and Melton"""
Melissa Petty,doughertyedward@example.com,platinum pass,Johnson PLC,Among analysis page deep prove around.
Carl Castillo,christophermitchell@example.net,visitor pass,Vasquez LLC,Leader rest Mr exactly staff who create help least.
Lonnie Holmes,jensendenise@example.net,vip,Lowery LLC,Cultural long blood song always stop something special evening.
Adam Solis,patelrichard@example.org,exhibitor pass,"""Vargas","Smith and Ramsey"""
Charles Day,jeffrey61@example.org,vip,"""Mitchell","Clark and Tanner"""
Amanda Morris,emcdaniel@example.org,visitor pass,Moran PLC,Degree recent lawyer push particularly pay.
Chelsea Jones,corey92@example.org,vip,"""Turner","Ward and Wright"""
Tabitha Jones,zdaniels@example.net,platinum pass,Robinson-Becker,Focus history guy answer stage.
Christopher Stephens,michaelrodriguez@example.com,exhibitor pass,"""Walker","Stephens and Lambert"""
Janice Marsh,perezphillip@example.com,visitor pass,Livingston-Le,Executive decade represent everything fear without wish.
Kelly Anderson MD,robertthompson@example.net,gold pass,Vaughn LLC,Beat so woman thought network human news affect hot carry.
Brian Soto,connerjames@example.com,platinum pass,"""Mills","Lee and Deleon"""
Ryan Lester,cdawson@example.net,visitor pass,Cook-Lee,Market approach worry thus store its.
Victor Anderson,gmills@example.net,platinum pass,Walker Group,Treat establish from institution dark land individual boy set course.
Michael Clark,lgonzalez@example.org,platinum pass,"""Smith","Williams and Taylor"""
Jo Evans,elizabeth74@example.net,exhibitor pass,"""Harper","Jackson and West"""
Craig Rodriguez,sotojustin@example.org,gold pass,Kelley-Mitchell,Check involve free laugh or.
David Young,benjamin80@example.net,exhibitor pass,Ford-Kemp,Last manage program garden series and foreign anyone.
Timothy Santiago,devincampbell@example.com,exhibitor pass,Howell PLC,Significant meet financial economy someone test above expert realize.
Susan Stephens,jasonshaw@example.org,vip,"""Mercado","Neal and Nelson"""
Frederick Mckenzie,benderrhonda@example.org,gold pass,"""Sanchez","Morgan and Ellis"""
Steven King,michaelmack@example.com,platinum pass,"""Pena","Page and Mcdonald"""
Robert Kennedy,cardenasrichard@example.org,exhibitor pass,"""Joseph","Romero and Ramos"""
Patrick Parker,christine11@example.net,vip,"""York","Gutierrez and Frederick"""
David Garza,brandonfitzgerald@example.net,exhibitor pass,Serrano-Miller,Stuff most staff same before contain decision he whom side.
Patrick Hill,nguyencolin@example.org,vip,Armstrong Group,Modern produce dog cut would finish budget guess answer.
Colleen Wagner,clarence20@example.net,visitor pass,Love PLC,Woman very want election available she case guy young American.
Laura White,renee54@example.net,vip,Hernandez-Burns,Talk their it need buy despite dark none.
Joshua West,davidkelley@example.net,vip,Hall-Morris,Respond up like participant impact ok.
Mary Singh,hchambers@example.org,gold pass,Lutz LLC,Far conference knowledge leader wear produce always task.
Nicholas Price,seth44@example.org,exhibitor pass,"""Bishop","Miller and Williams"""
Victor Murray,pattonlauren@example.org,exhibitor pass,"""Martinez","Hubbard and Sims"""
Joshua Hudson,lbrown@example.net,visitor pass,"""Hammond","Young and White"""
Kyle Burton,elizabeth02@example.org,exhibitor pass,Mosley Inc,Left simply today adult in sister.
Mary Stein,kporter@example.org,vip,"""Ramirez","Ramirez and Sanders"""
Ariel Patel,amber00@example.org,platinum pass,"""Walker","Williams and Bailey"""
Angela Wright,sjohnson@example.org,vip,Tucker-Frey,Mrs until establish consider culture remember fall though college.
Ashley Galloway,michael02@example.org,visitor pass,Beasley-Hudson,Sport fall arrive apply service mind suddenly gas feeling kind.
Julie Johnson,salinasgregory@example.com,exhibitor pass,Allen-Morse,Include opportunity represent peace seem order.
Morgan Hicks,leah54@example.org,vip,Pham Inc,Real however reason whom herself or water realize work than.
Jennifer Smith,martinjohnson@example.org,visitor pass,"""Villarreal","Jones and Richardson"""
Makayla Castro,johnhernandez@example.org,vip,"""Shepherd","Daniel and Anderson"""
Ryan Moss,julie49@example.org,visitor pass,Stewart Ltd,Edge great various prepare again other out relate unit.
Nicholas Guzman,cmontes@example.org,visitor pass,Harper-Morales,Say interesting party indeed marriage buy recent.
Edward Bennett,michael66@example.net,exhibitor pass,Gonzalez and Sons,Role agency city ever war.
James Williams,rebekah96@example.net,gold pass,Allen and Sons,Than cut practice catch instead over.
Emily Wong,robertschristine@example.com,gold pass,Miller Ltd,Short others deep exactly notice charge dream.
Lisa Anderson,tfarley@example.net,exhibitor pass,Buchanan LLC,Walk into mouth manage common.
Jason Duncan,gutierrezashley@example.org,gold pass,"""Shaw","Palmer and Atkinson"""
Richard Newman,kimberlylee@example.org,vip,Jones-Sims,Guess budget think live challenge put stay word table successful fine.
Sarah Johnson,shelia74@example.com,visitor pass,"""Scott","Ewing and Jacobs"""
Donna Taylor,lopezjoshua@example.net,platinum pass,"""Harris","Henry and Ramos"""
Jill Davis,frank48@example.net,exhibitor pass,Richmond Group,Heart economic structure trouble mouth chance ready bag already.
Donna Weeks,equinn@example.com,exhibitor pass,Nguyen-Gordon,Yard billion score determine skin husband her soldier read safe.
Thomas Green,dali@example.org,gold pass,Blake-Lloyd,Reveal east very it force.
Tara Payne,amanda38@example.net,exhibitor pass,"""Turner","Sanders and Horn"""
Timothy Chambers,nguyenkatelyn@example.org,exhibitor pass,"""Palmer","Potts and Tucker"""
Latasha Woodward,johnsonedward@example.com,platinum pass,"""Jennings","Ball and Quinn"""
Scott Joseph,thomas61@example.com,visitor pass,Johnson LLC,Hard shake at would man serve tell event never field.
Gabriel Moran,goodwinjacqueline@example.net,vip,"""Adams","Ross and Dudley"""
Cynthia Salazar,xgoodwin@example.com,vip,"""Rowe","Roth and Johnson"""
Dustin Watkins,stevenreynolds@example.net,vip,Watson-Koch,Space message into power eye recently.
Jason Johnson,riveracarla@example.net,visitor pass,"""Jones","Thompson and Jackson"""
Laura Castillo,jonathanwilcox@example.net,exhibitor pass,"""Welch","Blanchard and Farmer"""
Joel White,christopherho@example.net,vip,"""Hawkins","Valdez and Waters"""
William Mendez,victoriamitchell@example.org,exhibitor pass,Hunt-Green,World cup change foot Mrs whatever record.
Lauren Levy,james46@example.com,gold pass,Evans Group,Seven situation onto approach around serve practice.
Todd Maldonado,cbooker@example.com,vip,"""Hall","Wilson and Flores"""
Tanya Wallace,zhuffman@example.org,gold pass,Mcdowell-Velez,Charge goal around fish subject middle Mr left tonight side.
Paul Sawyer,elizabeth24@example.org,platinum pass,Thomas Ltd,Pm feeling leg land week.
Caitlin Santos,jeffersondavid@example.net,exhibitor pass,Rodriguez-Lewis,Argue term budget film traditional.
Laura Harris,mandy38@example.net,exhibitor pass,Morse-Johnson,Enjoy nice later customer car trouble.
Daniel Lawrence,jeremiahbarry@example.org,exhibitor pass,Harris-Johnson,Data war author law smile year stop factor.
Christine Mcdowell,lisa74@example.org,visitor pass,"""Nash","Stewart and Martinez"""
Joseph Bowman,vkeller@example.com,exhibitor pass,"""Smith","Gardner and Petty"""
Michael Strickland DDS,dyerchristina@example.org,platinum pass,Jones-Smith,Over moment speak take suffer.
Amy Case,tforbes@example.org,visitor pass,Frye Group,Point imagine news with charge glass fact religious bill.
Timothy Palmer,kross@example.org,platinum pass,Smith Group,Manager wife be month service onto.
Jeffrey Singh,pamelahull@example.org,exhibitor pass,Murray Inc,Long again understand next involve today behavior.
Sandra Mora,ssimpson@example.net,vip,Brown Group,Score religious green most recently.
Jesse Friedman,cferguson@example.com,exhibitor pass,Gregory LLC,Page edge manage happy protect at on.
Barbara Cole,christopheranderson@example.net,exhibitor pass,Morris LLC,Nation say including individual professional speak common blue.
Dr. Karen Fleming,williambryan@example.com,vip,Dickson Inc,Paper cell suddenly administration agree.
Sue Stephens,karen85@example.com,exhibitor pass,Barnes-Weber,Far mouth reach political up news difference technology family dog.
Lisa Edwards,tiffany48@example.org,visitor pass,Drake-Rangel,Speech growth senior fish fire statement international attack name.
Joseph Golden,preston77@example.com,visitor pass,"""Wilkins","Lewis and Martin"""
Melissa Ashley,christina13@example.com,visitor pass,"""Rose","Roberts and Reynolds"""
Matthew Berger,alvarezrichard@example.com,vip,Combs-Marshall,Appear family camera field.
Walter Bennett,rwilliams@example.com,exhibitor pass,Clark Group,Candidate eight whether information reach happy ready apply reach.
Nichole Zimmerman,christopher33@example.org,platinum pass,"""Swanson","Carroll and Wheeler"""
Jason Ryan,fhernandez@example.net,exhibitor pass,"""Salazar","Crawford and Cruz"""
Kristen Navarro,steven51@example.net,visitor pass,"""Chaney","Kline and Bond"""
Drew Gordon,margaret77@example.org,visitor pass,Johnson Inc,Someone center person above outside.
Jill Chapman,zwilson@example.org,gold pass,"""Hunter","Payne and Roberts"""
Ryan Hayes MD,kimberlysmith@example.com,exhibitor pass,"""Ortiz","Ellis and Watson"""
Melinda Koch,dcobb@example.net,platinum pass,Garcia-Berg,Hospital art scene benefit difficult she approach need stay size.
Eric Green,amyortiz@example.net,gold pass,Barnes-Reeves,Society more national deal particular drive thing.
Kristy Proctor,bobby11@example.com,platinum pass,"""Mcdowell","Miranda and Phillips"""
Luis Smith,john51@example.net,vip,Craig-Simmons,Marriage note since morning board.
Karen Hamilton,zavalamegan@example.com,gold pass,"""Carter","Mahoney and Sanchez"""
Michael Fuller,christina48@example.net,visitor pass,Clay-Smith,Administration exist her conference benefit while by everyone structure worker standard.
Thomas Kelley,aaron85@example.net,platinum pass,Durham-York,His window have put my road key test.
Ashley Carter,wdaniels@example.com,vip,"""Curtis","Levy and Archer"""
Michelle Collins,becksarah@example.com,vip,Boone and Sons,Support rich nearly fine easy.
Matthew Jones,melissalee@example.org,exhibitor pass,Cook Ltd,Place six performance technology hot.
Amy White,dawn61@example.org,exhibitor pass,Larson-Lawson,Painting great machine until daughter lay course care.
Alexander Bates,ogardner@example.com,gold pass,"""Parker","Contreras and Jones"""
Angela Navarro,daniel20@example.com,vip,Martinez-Wheeler,Put human manage movement its size address lot notice.
Kimberly Johnson MD,wluna@example.net,visitor pass,"""Sanders","Harper and Parrish"""
Deanna Yu,taylor90@example.net,vip,Jones-Lewis,Claim us great marriage keep computer candidate high.
Troy Lopez,pblake@example.com,platinum pass,"""Key","Henderson and Ramos"""
Brandi Irwin,msmith@example.net,platinum pass,Smith-Walker,Story daughter happen his gas.
Diane Buck,christopher02@example.net,visitor pass,Simmons-Cherry,Myself economy establish agreement watch.
Ivan Wagner,elizabethevans@example.org,exhibitor pass,Duncan PLC,Indeed popular which other offer hospital marriage like yeah executive more.
Alexis Richardson,greg59@example.net,exhibitor pass,Hunter Ltd,Again sign skin effect source seat.
Wendy Freeman,youngnicole@example.net,exhibitor pass,"""Scott","Mejia and Tate"""
Pamela Martin,christophermiller@example.net,vip,Smith Inc,Very writer able office choose set.
Marcia Cook,martinezclayton@example.net,platinum pass,"""Jones","Vargas and Kelly"""
Donna Adams,sfernandez@example.com,visitor pass,Schroeder-Cobb,Firm animal share sometimes.
Wayne Gilbert,rowlandrobin@example.org,platinum pass,White-Lloyd,Science many model movie sound skin hundred write us nature.
Kathleen Johnston,bethany96@example.org,exhibitor pass,"""Carlson","Wood and Gould"""
Vincent Stein,ruben25@example.org,platinum pass,Lee-Griffin,Popular century car past behind anyone national be total.
Brittany Hayes,jthomas@example.net,platinum pass,"""Kirby","Warren and Bolton"""
Audrey Moody,nicolebrown@example.org,vip,"""Peters","King and Beck"""
Jordan Lopez,michelle87@example.com,platinum pass,English-Farley,Laugh letter loss and area maybe hold soldier.
Logan White,reyesdanielle@example.com,exhibitor pass,Gonzales Inc,Candidate particular represent day finish bit major.
Kara Wood,luke20@example.net,platinum pass,Pugh Inc,Reach minute change should community show.
Melissa Macdonald,nathaniel18@example.com,vip,Wood-Brandt,Field guess to charge may consumer not child culture.
Lawrence Carter,fvalencia@example.com,vip,Roberson Ltd,Out agent capital energy star exactly even recently suddenly product space.
Carla Hunter,simonpatricia@example.org,exhibitor pass,Edwards Ltd,Despite lay owner water different summer open.
Michael Ponce,staceygomez@example.org,gold pass,"""Harmon","Reese and Mendoza"""
Marcus Stewart,bakercharles@example.net,gold pass,"""Carter","Forbes and Coleman"""
Shane Orr,johnyoung@example.net,gold pass,Walker Ltd,Price choice trip age commercial thus administration case garden our need.
Linda Holmes,stevenmayer@example.org,exhibitor pass,Garcia-Rowe,Rule begin technology pay cold vote job field.
Erin Miller,jamescollins@example.net,vip,Townsend Ltd,Some like you southern board.
Sandy Johnson,ggallagher@example.com,visitor pass,Hernandez PLC,Them administration scene tonight most sense discover hard already could.
Felicia Blake,ahenderson@example.org,vip,Powell and Sons,Similar under group five suffer anything run read task.
Lauren Anderson,longjames@example.com,exhibitor pass,Carter PLC,Discover occur question among week alone hot claim sort.
Janice Shaw,jnewton@example.net,visitor pass,"""Martinez","Rodriguez and Reyes"""
Dustin Jennings,haleanthony@example.net,platinum pass,Clark PLC,Fund whole rock close staff recent his without.
Aaron Wells,flevy@example.net,gold pass,Jones Group,Home history note buy pay learn which employee.
Dustin Kelly,natalie55@example.com,exhibitor pass,"""Miller","Armstrong and Bell"""
Jerry Graham,smithcharles@example.net,exhibitor pass,"""Underwood","Robbins and Russell"""
Brent Tran,toddkaren@example.org,exhibitor pass,"""Daugherty","Mclean and Clark"""
Kathryn Wade,vicki84@example.net,gold pass,Franklin LLC,Become language step can deal individual detail story Mrs understand.
Jamie Morton,mmcconnell@example.com,gold pass,Walker-Reyes,Pass follow evidence work theory million.
Larry Morgan,melanielee@example.com,vip,Rocha-Franco,Nature store use we bar factor relationship.
John Sims,joannehernandez@example.org,gold pass,Jackson LLC,Movement expect Mr traditional past beat control really.
Amber Oconnor,dennis86@example.org,vip,Washington Inc,Pretty stock man play area wrong.
Amanda Jackson,carrie01@example.org,platinum pass,"""Wu","Hood and Wilson"""
Charles Robles,danielcook@example.org,gold pass,Johnson LLC,Reason relate president prove social Congress available kitchen.
Nicholas Shea,gregorybrandt@example.com,visitor pass,"""Richards","Melton and Cochran"""
Kenneth George,deanna27@example.com,visitor pass,Thomas-Reyes,Know instead national special half expect son firm minute section.
Joseph White,loganrobert@example.com,vip,Nelson-Holmes,Nation perhaps pressure toward role no create form himself meeting.
Kathleen Lopez,michaelperez@example.com,exhibitor pass,"""Potts","Schroeder and Turner"""
Elizabeth Farmer,kimwalter@example.com,vip,Rivera LLC,Reduce heavy poor issue window exactly learn audience decide.
Jane Smith,stephanietaylor@example.net,vip,Herring LLC,Environment public medical road himself lose significant present hotel run company.
Craig Jones,jerry92@example.net,gold pass,Rice LLC,Present rich contain professor generation require attention woman center.
Clifford Clark II,psoto@example.com,visitor pass,"""Hernandez","Hall and Anderson"""
Steven Rodriguez,adamssamantha@example.org,gold pass,"""Rogers","Henry and Swanson"""
Tina Sosa,lunaandrea@example.net,vip,"""Sullivan","Gibson and Byrd"""
Jerry Howard,warnerkaren@example.com,vip,Clarke-Hatfield,Language lot prevent TV specific physical resource cultural people shoulder.
Jodi Tyler,karennorris@example.com,visitor pass,Newman-Johnson,Successful issue stock talk seven outside rest determine almost where statement.
Lynn Wilson,kevin57@example.net,vip,Davis-Miller,Science capital national meet perhaps beat catch some.
Jeanne Ortega,jill39@example.org,exhibitor pass,"""Schwartz","Reed and Smith"""
Courtney Clark,ashleyjohnson@example.org,gold pass,Martin-Anderson,Police art before through the onto.
Molly Romero,mcobb@example.com,vip,Garza Inc,Least discuss decide them hour.
Michael Perkins,jmiller@example.org,platinum pass,"""Mccullough","Robinson and Fischer"""
Matthew Fuentes,walkerkaren@example.org,platinum pass,Brown and Sons,You environmental four key now my public owner fact.
Olivia Alvarez,claire40@example.net,visitor pass,Bishop PLC,Soon newspaper middle system certainly.
Susan Robinson,francisconash@example.com,exhibitor pass,"""Solis","Carter and Osborne"""
Kim Ross,paul20@example.org,platinum pass,Simpson Ltd,Yet collection positive themselves meet to picture red bad.
Kyle Lynch,morrissamantha@example.org,visitor pass,"""Johnson","Banks and Sharp"""
Sean Owens,mary40@example.org,vip,Lin-Levy,Let administration brother people give find their address.
Lee Paul,johnhuber@example.com,exhibitor pass,"""King","Duncan and Benton"""
Howard Church,matthew54@example.org,platinum pass,"""Grant","Roberts and Moore"""
Jacqueline Mills,jasongriffith@example.net,exhibitor pass,Fuller Group,Allow best because administration account everything natural attention heavy.
Kristin Owen,pricewarren@example.org,visitor pass,"""Bird","Mcbride and Smith"""
Lisa Brown,huffrebecca@example.org,platinum pass,"""Lin","Pearson and Richards"""
Kristina Sloan,andersonrobert@example.com,platinum pass,Hernandez-Joseph,Product data movie between.
Robin Vargas,merrittjennifer@example.net,exhibitor pass,"""Porter","Johnson and Wright"""
Thomas Raymond,hawkinsalyssa@example.com,exhibitor pass,"""Jones","Arellano and Smith"""
Samuel James,brianasanchez@example.net,platinum pass,Shaffer and Sons,And family table thousand whatever break even few have successful.
Sherry Gill,samantha48@example.net,visitor pass,Salazar-Fisher,Final something simply machine those there.
Ronald Turner,bushlaura@example.com,exhibitor pass,Bowers-White,Sea sea action break party leave exactly firm.
Teresa Washington,tgriffin@example.com,vip,Cruz-Shaffer,This owner quality possible surface nearly serve choose.
Casey Andrews,jacksonlauren@example.com,exhibitor pass,"""Clark","Hunt and Taylor"""
Marissa Compton,frankdiaz@example.net,vip,"""Alvarez","Hamilton and Livingston"""
Robert Parker,jeffrey09@example.org,platinum pass,Miller Ltd,Strong nation society onto add million floor into age six.
Anthony Wiggins,qjohnson@example.net,exhibitor pass,English and Sons,Officer end give network ability enter my the while.
Crystal Watson,kristenmelendez@example.net,visitor pass,Ward Inc,Lawyer human hold worry.
Zachary Romero,carpenterarthur@example.org,vip,"""Johnson","Wade and Bell"""
Andrew Chan,georgebrandi@example.com,visitor pass,"""Odonnell","Davis and Glover"""
Tyler Scott,johnsonangela@example.com,platinum pass,"""Murphy","Jones and Keller"""
Julia Williams,scastillo@example.org,platinum pass,Nguyen Ltd,Eye air friend late economic such recognize sport.
Joseph Smith,timothy84@example.com,vip,"""Jarvis","Brown and Morris"""
Denise Carpenter,sullivanamber@example.com,visitor pass,Patrick PLC,Memory team interview these cut.
Susan Alexander,wbecker@example.net,platinum pass,"""Miranda","Harrell and Hall"""
Jason Buck,carolyntorres@example.net,exhibitor pass,"""Flores","Rocha and Rogers"""
Nancy Martinez,peggyjimenez@example.org,platinum pass,"""Hale","Kim and Leonard"""
Gavin Garner,francoelizabeth@example.org,platinum pass,Taylor-Shelton,Attack present amount decision out able until change ten form.
Tonya Neal,fowlerjeffrey@example.com,vip,"""Evans","Flores and Jones"""
Sergio Bowman,ryan30@example.net,exhibitor pass,"""Watkins","Young and Sweeney"""
Dr. Andrea Smith,welchjacob@example.com,visitor pass,Castro-Moore,Car senior relate for listen it affect stay also wish.
Mark Salazar,amartinez@example.com,platinum pass,Bradley LLC,Instead contain result break where.
Christopher Wall,dalexander@example.net,vip,"""Gonzalez","Flores and Parker"""
Christopher Burton,iwoods@example.org,platinum pass,Mooney-Mitchell,Hand by audience want choice hour.
Susan Bowen,lindseyhines@example.org,gold pass,Murray Ltd,Standard think couple another kid.
Jacob Moore,sydney84@example.org,gold pass,"""Barber","Torres and Taylor"""
Nicholas Knight,christopher47@example.org,visitor pass,Gibbs Ltd,Million book budget address.
Mrs. Amanda Douglas MD,sjohnson@example.com,gold pass,Hernandez-Caldwell,Something choice movie go particular small very.
Crystal Brooks,orivera@example.net,gold pass,Warren-Lang,Development somebody two forget experience south brother offer above no movement.
Raymond Cruz,aprilbenton@example.net,visitor pass,Davis-Jackson,Light view discuss fire discuss.
Amanda Oneill,ninabrown@example.net,gold pass,Mosley and Sons,Push scene enter television year money center area center indicate.
Jane Medina,gary31@example.net,visitor pass,"""Peters","Nolan and Williams"""
Stephen Bailey,deborah75@example.org,platinum pass,"""Bell","Walters and Martin"""
Jeremy Washington,dennisallison@example.com,gold pass,Clarke LLC,Of director film like building community from start look buy.
Keith Vasquez,ztaylor@example.net,vip,Young-Anderson,Board indeed become above goal learn thousand economic do cost.
Kristin Jordan,antonionorton@example.net,exhibitor pass,"""Santos","Allen and Hodges"""
Julie Smith,wsmith@example.org,visitor pass,"""Boone","Evans and Harper"""
Brian Johnson MD,gina97@example.org,vip,Little LLC,Himself ready ok support after five our election.
Joseph Kelly,krichardson@example.net,exhibitor pass,White-Newman,Subject charge return responsibility current century serious region store long.
Kimberly Beasley,gjohnson@example.org,exhibitor pass,Anderson Ltd,Music laugh air once four have trip.
Angelica Wood,grivera@example.org,gold pass,"""Mcdaniel","Ortiz and Clay"""
Catherine Steele,leslie17@example.com,vip,Clark Inc,Step education force among it arrive attack Mr.
Matthew Hernandez,mistyhayes@example.org,platinum pass,"""Fox","Sullivan and Howell"""
Jamie Thompson,henry65@example.org,gold pass,Wilson Inc,Around physical study tonight hotel serve.
Devin Mcdonald,scott06@example.com,vip,"""Galvan","Grant and Cabrera"""
Melinda Garner,amanda68@example.net,visitor pass,Jones-Gonzalez,Drop certain teacher force investment citizen usually try positive image.
Taylor Lopez,marylivingston@example.org,exhibitor pass,Evans Inc,Relate any our democratic four consider.
David Mejia,howellfaith@example.com,platinum pass,"""Johnson","Jenkins and Davidson"""
Christopher Hull,davidthomas@example.net,exhibitor pass,Gilbert Group,Direction item view like consider large.
Natasha Carson,imathews@example.org,vip,"""House","Johnson and Fischer"""
Kimberly Alvarado,ethompson@example.com,exhibitor pass,"""Mueller","Williams and Conway"""
Elizabeth Sanchez,ncastillo@example.org,exhibitor pass,Smith and Sons,Quite occur movie smile board.
Rebecca Harris,yyoung@example.com,vip,"""Hernandez","Anderson and Barber"""
Dr. Lacey Miller,burnsadrian@example.com,platinum pass,Baker-Stewart,During attack radio majority level method.
Ann Rodriguez DDS,palmertodd@example.com,gold pass,Cline Inc,Stuff including cultural hundred administration white.
Christopher Randolph,mstrickland@example.org,gold pass,Moore-Howard,Glass take matter doctor state.
Stephanie Marquez,jacksonalyssa@example.net,vip,Ray Inc,Network per door mention.
Lori Jones,chandlermichelle@example.com,gold pass,Gonzalez Group,Age keep like house someone treatment note land.
Justin Hudson,enguyen@example.net,visitor pass,Fuller-Williams,That economic difficult your shake western rest visit.
Kenneth Rocha,wdaniel@example.org,exhibitor pass,Brown-Thornton,Against military somebody become door.
Dana Wheeler,wwarner@example.org,gold pass,"""Nichols","Freeman and Manning"""
Angela Cooper,uwilliams@example.com,visitor pass,Jones-Ray,These contain today image population by.
Amy Blackwell,nunezjanet@example.net,exhibitor pass,"""Mercado","Griffith and Ortiz"""
Gerald Martin,rebecca73@example.com,platinum pass,"""White","Sellers and Roberts"""
Misty Long,john19@example.net,platinum pass,Richardson-Robbins,Light her fire science protect gas.
Matthew Moss,yvetteferguson@example.net,platinum pass,Lewis-Woodward,Through character resource check.
Douglas Mccarty MD,campbellbrian@example.com,visitor pass,Gardner Group,Sit structure way assume dream another front director keep.
John Rogers,stephenabbott@example.com,vip,"""Murray","Lucas and Smith"""
Matthew Davis,andrewwright@example.org,platinum pass,Williams-White,Under assume can character gun day lot.
Lisa Hayes,mmanning@example.net,visitor pass,Sherman Group,Glass just she either message yeah five throw because give.
Zachary Gallegos,gthomas@example.net,exhibitor pass,Hall LLC,Measure significant way religious speak focus major focus safe.
Martha Martinez,williamthompson@example.com,platinum pass,"""Hughes","Williamson and Harris"""
Robert Bryant,kimberly64@example.com,vip,Walker-Reid,Bad mission write between window action.
Brian Miller,julia91@example.net,visitor pass,Mendoza-Garcia,Become their field unit nearly scene.
Betty Graham,paul33@example.org,visitor pass,Johnson-Phelps,Camera minute military occur serious several certain respond court.
Bradley Brooks,mary99@example.net,gold pass,Keller-Green,Pick should behavior be positive you poor.
Michael Allen,thomas36@example.com,gold pass,Mcdonald-Chang,Actually care listen knowledge fast level bank worry travel.
Elizabeth Torres,austin79@example.com,exhibitor pass,King-Garza,Information yard hospital spring sit particularly product likely education.
Susan Watts,nancyvillegas@example.net,visitor pass,Guerra-Wade,Admit brother character worker activity despite finish.
Lydia Buckley,carterkyle@example.net,exhibitor pass,Francis-Mcdonald,Sport might certainly budget street leave help painting land majority leg.
Paul Romero,timothylowery@example.com,vip,Wilson Inc,Be role owner fact third game.
Steven Perkins,princechristopher@example.org,gold pass,Richardson-Lynch,Brother tree fight case indeed table speak.
Robert Foley,hwilson@example.net,platinum pass,Leach Group,School education entire continue door when between.
Erin Murphy,katie58@example.net,platinum pass,Thomas-Brooks,Hot form evening live hope pass environment money.
Lindsey Nelson,grahamkarina@example.net,vip,"""Brady","Hernandez and Rojas"""
David Dickerson,adam15@example.com,gold pass,Gibson-Horn,Son consumer catch total happen decide stuff meet.
Anthony Stewart,billy82@example.com,gold pass,"""Atkins","Brooks and Potter"""
Daniel Mcdonald,prodriguez@example.net,exhibitor pass,Brennan-Erickson,Structure player successful institution century member.
Joy Rodriguez,turnerkristen@example.org,vip,Wilkinson-Gross,Strategy top national imagine material attorney including mother.
Kathryn Drake,youngmaria@example.net,visitor pass,Hudson LLC,Benefit go each grow fact director.
Michael Jones,jessicapeterson@example.net,platinum pass,Dixon PLC,Nearly hotel us base Congress others professor wonder.
David Wilkerson,middletonrichard@example.com,exhibitor pass,Peterson Ltd,Seat anything computer sing maintain too bed project time cover.
Natalie Simpson,eugenebutler@example.net,platinum pass,"""Robinson","Harris and Sutton"""
Sarah Davis,zamorakristen@example.net,gold pass,Mccall LLC,Whether down out difference character no character whole.
Michael Brown,xmiller@example.org,platinum pass,"""Lynch","Hughes and Ellis"""
Alexis Garcia,qflores@example.net,platinum pass,Guzman and Sons,Energy how system visit while.
Amber Scott,brownjohn@example.com,gold pass,Brown PLC,Still form conference close activity radio.
Hector Delgado,davidsampson@example.net,platinum pass,"""Cunningham","Sandoval and Davis"""
Jennifer Cabrera,lawsonbryce@example.net,vip,Ryan Inc,Training less help collection measure.
Leslie Welch,becky71@example.com,vip,Carpenter-Davis,Will have color new cup speak relate.
Ashley Mueller,enavarro@example.org,visitor pass,Graham PLC,Perhaps cold involve police wear.
Dana West,brooke44@example.net,vip,Brown-Bailey,Or other citizen his model become quality.
Melissa Smith,romantammie@example.org,visitor pass,"""Lang","Hill and Chavez"""
Daniel Richardson,ebutler@example.net,vip,"""Evans","Stout and Cooper"""
Olivia Jackson,abigail99@example.com,platinum pass,"""Page","Mitchell and Martinez"""
Brandon Henderson,millerrichard@example.org,gold pass,"""Hart","Perez and Jackson"""
Daniel Padilla,todd68@example.org,visitor pass,King and Sons,Push say deep media guess quality get.
Patricia Garcia,lisa75@example.com,platinum pass,Larsen LLC,Anything both natural join find situation.
Jacqueline Hamilton,allisonbryan@example.net,visitor pass,"""Allen","Bishop and Cameron"""
Brittany Jacobs,meghan60@example.net,exhibitor pass,"""Anderson","Joyce and Harris"""
Michael Johnston,jaredcox@example.com,exhibitor pass,"""Hall","Wheeler and Ayers"""
Mr. Jason Tanner Jr.,sally68@example.com,exhibitor pass,Simpson Inc,Tax general effort deal nothing quickly agency.
Maria Taylor,qnewman@example.net,vip,Blake Ltd,Office television wide newspaper bank as agent place.
Robert Burns,diaznatalie@example.com,exhibitor pass,Castro-Johnson,Environment young wife trip state boy.
Melissa Sims,abowen@example.com,gold pass,Webb-Parsons,Miss oil easy special image.
Crystal Bautista,andre45@example.org,platinum pass,Harris-Russell,Region pick yard ok detail.
Thomas Vega,allen72@example.com,visitor pass,Nielsen Group,Wait require color now American ball name its school certainly.
Jerry Conner,weisskyle@example.org,platinum pass,"""Wilkinson","Edwards and Webb"""
Jennifer Gonzalez,srichardson@example.net,vip,Valenzuela Ltd,Husband fly sort sense provide lead letter movie style.
Billy Garcia,joseph68@example.org,visitor pass,Ross-King,Up decision art successful not trade.
Teresa Woodward,hsullivan@example.com,vip,"""Cook","Summers and Russell"""
Anthony Keller,kanderson@example.com,vip,Nichols-Palmer,View war yet consider space world.
Latasha Cummings,johnsonlori@example.org,vip,"""Carey","Carter and Shea"""
Jacob Harrison,sharon91@example.org,platinum pass,Flores-Miller,Seek major age coach quality visit forward.
Kristie Gonzalez,mroth@example.org,exhibitor pass,"""Ortiz","Mercer and Lin"""
Matthew Hunt,yboone@example.org,exhibitor pass,"""Berry","May and Jones"""
Lori Hughes,smoore@example.net,gold pass,Baker-Cooper,Nature writer allow throw image real east could send.
Jared Barnes,fosterjasmine@example.org,vip,Zamora PLC,Put happen note fight responsibility strategy lay including.
Brian Smith,selena06@example.net,exhibitor pass,"""Simpson","Henry and Flores"""
Kimberly Kelly,melissa90@example.net,platinum pass,"""James","Brown and Gonzales"""
Mrs. Rebecca Barnett,ycastro@example.com,vip,Williams LLC,Various just table program still last.
Ebony Ballard,jamieperry@example.com,visitor pass,Hawkins-Rojas,You record partner wish those challenge person door serve one.
Dakota Miller,qbarr@example.com,gold pass,Robinson and Sons,Kind democratic training condition explain research you.
Austin Gonzalez,apowers@example.net,exhibitor pass,Long PLC,Wonder life consider material source very eight artist western.
Zachary Brown,abigail83@example.com,vip,Robertson-Thomas,Up after machine hit black possible drug traditional task put film.
Evan Garrett,walkerlance@example.com,platinum pass,Morris Group,List open our key off on forget.
David Powell MD,sarahjones@example.org,visitor pass,"""Hunt","Adams and Hood"""
Tiffany White,latashapatterson@example.org,platinum pass,"""Casey","Anderson and Chavez"""
Michelle Garza,tiffany89@example.org,gold pass,"""Montes","Richards and Gardner"""
Beverly Brown,jeffrey16@example.com,vip,"""Friedman","Wallace and Mitchell"""
Christopher Smith,albert39@example.com,vip,"""Schmidt","Garcia and Gutierrez"""
Susan Burke,jamielove@example.net,visitor pass,Potter and Sons,Best discuss finish world drive pick second.
Wendy Nelson,kimberly55@example.org,gold pass,Patterson-Holloway,Tell although laugh above ok blood.
William Adams,maria90@example.net,gold pass,Brock-Fisher,Actually peace tree group community camera name challenge hotel.
Matthew Stanley,ykoch@example.net,platinum pass,"""Paul","Davis and White"""
Jared Sanders,vmason@example.org,vip,"""Smith","Robbins and Price"""
Chelsea Ellis,singhhector@example.org,visitor pass,Stewart Inc,Into southern film past.
William Hensley,danielescobar@example.org,platinum pass,York Group,Once over issue government however imagine.
Michael Miller,wcox@example.net,exhibitor pass,Green-Duran,Western cultural weight anything fund soon.
Kimberly Garcia,yhinton@example.net,gold pass,Diaz Inc,Couple sound kind people appear else week again bank.
Kenneth Hall,emilymoran@example.org,vip,Lyons Ltd,Skin candidate rate Republican particular window.
Teresa Turner,ggraham@example.org,gold pass,"""Ingram","Best and Campbell"""
Danielle Miller,jordandiana@example.net,visitor pass,"""Wilson","Gonzalez and Jacobs"""
David Thomas,arobertson@example.net,visitor pass,"""Raymond","Campbell and Baxter"""
Adam Floyd,icarter@example.net,visitor pass,Santiago Group,Argue water defense treat change someone.
Terry Smith,jessica58@example.com,platinum pass,"""Smith","Price and Jennings"""
Nancy Summers,brandongarcia@example.net,gold pass,Warner Group,Letter behavior current military tree people.
Nicholas Huffman,oscar53@example.net,visitor pass,Williams-Curry,Less expert democratic model along relationship effort as.
Melissa Harper,umartin@example.org,platinum pass,Wallace PLC,Much conference trouble necessary standard election seek enough entire now.
Rick Lopez,leachstephen@example.com,vip,Ray Group,Necessary reach decision fine such institution season dinner when.
Glenda Henderson,samantha21@example.org,vip,Vargas Ltd,Red likely work very economic activity.
Melissa Donovan,jrichardson@example.net,gold pass,Macdonald-White,Hot although responsibility specific game.
Mr. Hector Williams,jacksonjonathan@example.com,visitor pass,Flores-Cooper,Future available yard past make oil own material else country.
Brian Gutierrez,christineobrien@example.org,visitor pass,"""King","Dixon and Lopez"""
Kendra Pena,davidmeza@example.net,gold pass,Jones Inc,Meet hospital so town local.
Deborah Griffith,eandersen@example.com,visitor pass,"""Hendricks","Nguyen and Miller"""
Allison Thompson,gonzalezdarlene@example.org,vip,Chavez LLC,Real among dog purpose gun sort available.
Albert Villegas,aliciascott@example.org,visitor pass,"""Jones","Robinson and Winters"""
Christopher Weber,daniel08@example.net,vip,Dean-Johnson,Hot leader study piece style test land.
Nathan Long,kristopherwalton@example.org,platinum pass,Simmons-Shelton,Situation ever surface contain development less alone.
Tristan Snyder,michelle05@example.net,gold pass,Huffman PLC,Store great likely center first.
Michele Martinez,brettcoleman@example.net,vip,Robles LLC,That time get own quite sister source budget.
Amber Curtis,austin83@example.net,vip,"""Serrano","Brooks and Campos"""
Stephanie Jennings,hflynn@example.org,visitor pass,"""Fox","Carter and Watson"""
George Chambers,kristareyes@example.org,vip,Johnson-Kelley,Key more let talk return send short score.
Peter Warren,nicholas87@example.net,gold pass,Griffin PLC,Drug arm piece black quite cultural buy.
Vanessa Garcia,pnunez@example.com,platinum pass,Castro Inc,Create every and interest country seven.
Sheila Ramsey,thomasamanda@example.net,vip,Moran-Stanley,More result tend trial wait so protect window.
Jordan Shea,sarah27@example.org,gold pass,"""Griffin","Massey and Townsend"""
Heather Sanchez PhD,rileycourtney@example.net,vip,Bradshaw LLC,Describe try town raise friend.
Alejandro Short,anthony99@example.org,vip,Reynolds and Sons,Whose although point activity marriage sometimes.
Patricia Johnson,davidmendez@example.org,vip,Morgan Ltd,Stand peace off miss reflect no news.
Laura Garrett,grobinson@example.com,exhibitor pass,"""Walker","Rice and Holmes"""
William Glenn,jacob13@example.org,platinum pass,"""Boyer","Thomas and Phillips"""
Briana Figueroa,luis81@example.com,gold pass,"""Munoz","Brown and Glenn"""
Cheryl Lawson,timothy10@example.net,exhibitor pass,"""Delgado","Hill and Adams"""
Christina Doyle,evansamanda@example.org,exhibitor pass,"""Young","Cruz and Jennings"""
Mary Bright,markreilly@example.net,gold pass,Bruce-Duncan,Hot employee few perhaps idea president international though should government.
Stacey Turner,robert62@example.net,visitor pass,Russo Group,Present nothing catch too south into foot else.
Russell Mathis,susan22@example.net,visitor pass,Werner and Sons,Child voice church I management economic deal star he.
Ashley Carlson,barrettstacey@example.com,gold pass,Arnold-Mcclain,Seven appear impact difficult officer government building media describe image.
Amy West,patriciapierce@example.org,visitor pass,"""Dean","Smith and Jones"""
Robert Mejia,reevesemily@example.net,gold pass,Murray Inc,Edge in million window activity.
Susan Martin,gutierrezrandy@example.com,vip,Turner LLC,Relate task small if hour.
Brittney Weber,kmartinez@example.org,platinum pass,Smith Group,Democratic exactly policy check window successful strong well technology improve.
Michael Clark,edwardgonzalez@example.com,platinum pass,"""Sims","Stewart and Murphy"""
David Cooley,francisco13@example.com,visitor pass,Hendricks-Meyer,Radio not example always identify sister.
Julie Charles,kathryn92@example.org,visitor pass,"""Fleming","Adkins and Meyer"""
Kyle Vega,luis09@example.org,platinum pass,Barton-Hartman,Water ball entire financial avoid measure range.
Erin Arnold,nataliemcdaniel@example.com,vip,Johnston Ltd,Bed song thing long section may.
Colin Davis,freyes@example.com,platinum pass,Ramirez-Warner,Likely company life support experience too seek Democrat executive.
Amy Clark,charles57@example.com,gold pass,Decker and Sons,Although listen explain drop agree.
Daniel Olson,erichall@example.net,platinum pass,Fitzpatrick-Hobbs,Who garden clear move operation a entire.
Robert Newman,pamelastanley@example.net,platinum pass,Combs LLC,Can light last beautiful kind knowledge case until.
Samantha Turner,michaelsmith@example.org,platinum pass,Moore PLC,Rock there beyond himself dog perhaps sometimes must trouble.
Mr. Richard Mcgrath,jeffery50@example.org,visitor pass,"""Williams","Graham and Scott"""
Rachel Montgomery,christianwilliams@example.com,vip,Koch-Soto,Anyone again every over guy provide.
Allen Rodgers,teresaschwartz@example.com,visitor pass,"""Mcdonald","Espinoza and Smith"""
Scott Stevens,allisonmercado@example.org,exhibitor pass,"""Watkins","Williams and Cruz"""
Tamara Clay,carlos20@example.org,platinum pass,Flores-Fernandez,About edge sense any too practice suddenly music.
Luis Evans,michele49@example.com,visitor pass,Daniels-Alexander,Sea officer oil too loss business free difference above over.
Robert Valentine,chad43@example.org,vip,Jones PLC,So line wide similar yet court.
Angela Garcia,waltersrandy@example.org,vip,"""Mccormick","Foster and Carter"""
Vincent Owens PhD,cmckee@example.org,gold pass,Jones Group,Involve step wear yourself cover have.
Heather Garcia,alin@example.org,visitor pass,Woods PLC,None actually until gun foot energy establish college.
Daniel Barajas,thomasvillegas@example.org,visitor pass,Williams-Martinez,Including she add idea his hear mean century should follow.
Lauren Parsons,wbailey@example.com,platinum pass,Brown-Vasquez,Others shake service seem off suffer deal talk fill.
Peggy Watts,brian68@example.org,platinum pass,"""Foster","Gomez and Mcbride"""
Kevin Deleon,joshuavasquez@example.org,exhibitor pass,"""Moore","Torres and Hartman"""
Joseph Bradley,stephaniewilliamson@example.org,platinum pass,Shaw-Levy,Power city avoid thus kind thus.
Omar Grimes,dawn93@example.org,platinum pass,Cook Ltd,Front bill woman use population exist note between.
Joseph Cross,sarah14@example.org,exhibitor pass,Gould PLC,Agency list author require way development Republican.
Justin Smith,nicholas29@example.net,vip,Baker LLC,Wind idea do discussion fill nice.
Oscar Roberts,danabarrett@example.com,gold pass,Wallace LLC,Play yourself describe decide significant show.
Sheila Cannon,krystallindsey@example.com,platinum pass,Harris-Jones,Soldier also peace way protect than box cut.
Valerie Lee,crossluis@example.com,exhibitor pass,"""Drake","Clark and Bennett"""
Carlos Blair,william24@example.net,gold pass,Brown-Ritter,Final ago debate national animal.
Annette Waters,dfitzgerald@example.com,gold pass,Kelly-Wallace,Determine letter find almost sister without customer.
Tracy Dominguez,lmcknight@example.com,gold pass,"""Clark","Huff and Barrett"""
Marissa Torres,courtney02@example.net,platinum pass,Ponce-Hines,Maintain subject late reach life threat.
Jill Solomon,garywarren@example.net,gold pass,"""Lopez","Anderson and Clark"""
Michael Terry,kristaalexander@example.net,platinum pass,Adams Group,Forward capital step marriage thousand day thing magazine per she.
Heather Mcdaniel,chanmichelle@example.org,exhibitor pass,"""Vaughan","Murphy and Moran"""
Rhonda Lawson,lwells@example.net,exhibitor pass,Simmons Group,Upon onto poor media involve health book.
Ryan Kennedy,michael62@example.org,gold pass,Burke-Miller,Clearly cover news describe least rate.
Alexander Stevens,dparsons@example.org,gold pass,York-Hinton,Soon serious treat take theory keep now magazine safe help.
Felicia Graham,wrichmond@example.org,platinum pass,"""Watson","Wilkinson and Martin"""
Lindsey Barnett,sanchezsara@example.com,gold pass,Gibson-Smith,Create detail left treat film although truth true hospital score.
Amy Blair,susan46@example.org,gold pass,"""Ryan","Cruz and Nelson"""
Kelly Stuart,qbrown@example.net,platinum pass,"""Nelson","Dawson and Jefferson"""
Benjamin Mitchell,debrasanchez@example.net,platinum pass,"""Jensen","Fields and Johnson"""
David Kramer,brandon28@example.com,visitor pass,Gomez Ltd,Evening medical relate seven result key.
Joanna Richardson,kylejohnson@example.net,gold pass,"""King","Garcia and Banks"""
Veronica Hurst,wparker@example.net,vip,"""Brown","Martinez and Black"""
Angela Hall,clarkrobin@example.net,platinum pass,"""Burke","Hill and Cole"""
Evan Herring,smiththomas@example.com,visitor pass,"""Taylor","Taylor and Haas"""
Larry Phillips,mendozathomas@example.org,vip,Morris and Sons,Read miss push list sister clear plant.
Jack Wise,richarddavis@example.com,platinum pass,Oliver-Lopez,Cell population life authority capital sure.
Jill Smith,velasquezronnie@example.org,vip,Harris-Kramer,On probably deal staff product participant other.
Sara Banks,christopherflores@example.net,visitor pass,White-Williams,Recently president almost opportunity later think.
Jesse Perez,rachelnguyen@example.org,visitor pass,Arias-Peterson,Audience treatment word must mean skin rate.
Sergio Whitaker,hickskathryn@example.org,visitor pass,Blanchard Ltd,Everybody partner none second contain national fire.
Eric Norton,danielbradley@example.org,exhibitor pass,"""Estrada","Romero and Oneill"""
Timothy Rodriguez,christopher69@example.org,gold pass,"""Cook","Walls and Ray"""
Mr. Warren Stevenson,meghanstevens@example.com,vip,"""Rogers","Alexander and Wood"""
William Snyder,pwilliamson@example.com,platinum pass,Jones-Johnston,Theory represent institution bit maintain strategy lose.
Kristy Cox,nfaulkner@example.com,platinum pass,Russo PLC,Forget fast free by open rise main wait reason.
William York,fnelson@example.net,gold pass,Mccoy-May,Oil personal late care language piece to bit Republican.
Laurie Walter,john38@example.org,vip,"""Keller","Robinson and Peterson"""
Connie Jennings,xgamble@example.org,platinum pass,Robinson LLC,Instead area lay couple school plan material during current during.
Derrick Key,lburns@example.org,visitor pass,"""Fox","Dunn and Robinson"""
Lisa Marshall,kyoder@example.org,vip,"""Mason","Saunders and Jackson"""
Meredith Hernandez,danielaustin@example.net,gold pass,"""Morales","Mcdaniel and Daniels"""
Rachel Blackwell,adamsamanda@example.org,gold pass,Wells-Sutton,Watch president within away well suggest.
Aaron Wilson,wmadden@example.org,exhibitor pass,Greene Group,Would nor seven send exactly themselves share husband add.
Kristie Bennett,ryanhoover@example.com,visitor pass,"""Miller","Hall and Hill"""
Pam Bates,toddoneal@example.com,exhibitor pass,Jones PLC,Huge anyone boy quickly indicate.
Kristin Morales,tmoran@example.com,exhibitor pass,Peters-Lawson,Call performance another step need no road strategy learn.
Rebekah Keith,deborahrivera@example.org,platinum pass,"""Copeland","Hernandez and Carey"""
Michael Foster,uweaver@example.org,gold pass,Christian Inc,Per or medical describe participant bill plant.
Jessica Adams,rebeccamorton@example.net,visitor pass,Avery PLC,History behavior concern house since within sell talk.
Katherine Stevenson,biancafletcher@example.com,exhibitor pass,Baker-Dean,Kind rate particular real while wind country through identify what.
Ronnie Jones,leahblanchard@example.com,gold pass,"""Patrick","Sharp and Johnson"""
Wayne Foster,willisjames@example.net,gold pass,Gray PLC,Fish sign former stand treat responsibility last through middle.
Max Acosta,richardmarks@example.net,vip,Cooper Group,Return follow prevent discuss magazine affect next plan seven garden.
Timothy Allison,monica67@example.com,platinum pass,Knight-Brock,Buy east treatment data.
Gregory Aguirre,williamsricardo@example.net,gold pass,Scott-Arnold,Shake hour organization free few source experience outside pretty.
Nicole Bright,sperkins@example.com,visitor pass,"""Jones","Perez and Dunn"""
Brandy Ross,melissanelson@example.net,platinum pass,"""Kim","Dickson and Brooks"""
Thomas Hale,justinwood@example.com,platinum pass,Stevens PLC,Year decade keep star.
Julie Williams,shanebenson@example.net,gold pass,"""Lawrence","Murray and Bailey"""
Timothy Mckenzie,nancyschultz@example.org,gold pass,"""Young","Flynn and Hubbard"""
Donna Gutierrez,brandongonzalez@example.org,visitor pass,Jensen-Peterson,According performance behavior question project thus tend.
Jennifer Hammond,rzimmerman@example.com,exhibitor pass,Hardin-Ortiz,Should measure institution election Mr spend page.
Angela Decker,freemanmisty@example.net,visitor pass,Robinson-Harrison,Military fact their matter serve dark risk local.
Renee Henderson,willisgrace@example.net,gold pass,"""Gardner","Kelley and Scott"""
Briana Lopez,gardnerlarry@example.com,gold pass,Lambert and Sons,Full politics lot good but best Congress few around.
Vincent Mitchell Jr.,annclark@example.org,gold pass,Potter-Moreno,Soon receive arm song ask.
James Ball,rodriguezbrandon@example.org,platinum pass,"""Bradley","Walters and Maynard"""
