Full Name,Email,Ticket Type,Company Name,Personal Message,Status
"Michael Chen","michael@tech.com","gold","Tech Innovations","","active"
"Emma Wilson","emma@global.net","platinum","Global Partners","Personal note: See you there!","active"
"Sarah Johnson","sarah.johnson@innovate.com","gold","Innovate Solutions","Excited to explore new tech!","active"
"David Kim","david.kim@futuretech.com","platinum","FutureTech","Looking forward to networking!","active"
"Laura Martinez","laura.m@synergy.org","gold","Synergy Corp","Can’t wait for the event!","active"
"James Lee","james.lee@quantum.com","platinum","Quantum Dynamics","Ready for inspiring talks!","active"
"Emily Brown","emily.brown@techwave.com","gold","TechWave Solutions","Hope to connect with partners!","active"
"Robert Taylor","robert.t@globaltech.net","platinum","GlobalTech","Excited for the platinum perks!","active"
"Olivia Davis","olivia.davis@innovatech.com","gold","InnovaTech","Looking forward to the showcase!","active"
"William Garcia","william.g@nextgen.com","platinum","NextGen Innovations","Ready for a great experience!","active"
"Sophia Rodriguez","sophia.r@techtrend.com","gold","TechTrend","Can’t wait to see the demos!","active"
"Daniel White","daniel.white@syntech.com","platinum","SynTech","Excited for the VIP sessions!","active"
"Isabella Lopez","isabella.l@futurewave.com","gold","FutureWave","Looking forward to new insights!","active"
"Matthew Harris","matthew.h@innovations.com","platinum","Innovations Inc","Ready to explore opportunities!","active"
"Ava Clark","ava.clark@techhub.com","gold","TechHub","Excited for the tech expo!","active"
"Ethan Walker","ethan.w@globalinnovate.com","platinum","Global Innovate","Can’t wait for the event!","active"
"Mia Lewis","mia.lewis@synergytech.com","gold","SynergyTech","Looking forward to networking!","active"
"Liam Young","liam.y@quantumtech.com","platinum","QuantumTech","Ready for an amazing experience!","active"
"Charlotte King","charlotte.k@techcore.com","gold","TechCore","Excited to see the latest tech!","active"
"Noah Scott","noah.scott@futurecorp.com","platinum","FutureCorp","Looking forward to the sessions!","active"
"Amelia Adams","amelia.a@innovatech.net","gold","InnovaTech","Can’t wait for the event!","active"
"Lucas Green","lucas.green@synergy.com","platinum","Synergy Solutions","Ready to connect with leaders!","active"
"Harper Baker","harper.b@techwave.net","gold","TechWave","Excited for the platinum experience!","active"
"Mason Wright","mason.w@globaltech.com","platinum","GlobalTech","Looking forward to the expo!","active"
"Evelyn Turner","evelyn.t@nextgen.org","gold","NextGen","Can’t wait to see the innovations!","active"
"Logan Perez","logan.p@quantumcorp.com","platinum","QuantumCorp","Ready for a great event!","active"
"Aria Phillips","aria.p@syntech.net","gold","SynTech","Excited to explore new solutions!","active"
"Benjamin Carter","benjamin.c@futuretech.com","platinum","FutureTech","Looking forward to networking!","active"
"Zoe Mitchell","zoe.m@innovations.org","gold","Innovations Inc","Can’t wait for the tech showcase!","active"
"Jackson Evans","jackson.e@techhub.net","platinum","TechHub","Ready for an inspiring event!","active"
"Lily Morris","lily.m@globalinnovate.com","gold","Global Innovate","Excited for the sessions!","active"
"Gabriel Rivera","gabriel.r@synergytech.com","platinum","SynergyTech","Looking forward to the expo!","active"
"Chloe Stewart","chloe.s@quantumtech.net","gold","QuantumTech","Can’t wait to see new tech!","active"
"Owen Jenkins","owen.j@techcore.com","platinum","TechCore","Ready for the platinum perks!","active"
"Hannah Lee","hannah.lee@futurecorp.com","gold","FutureCorp","Excited for the networking!","active"
"Samuel Brooks","samuel.b@innovatech.com","platinum","InnovaTech","Looking forward to the event!","active"
"Grace Kim","grace.kim@synergy.org","gold","Synergy Solutions","Can’t wait for the demos!","active"
"Elijah Morgan","elijah.m@techwave.com","platinum","TechWave","Ready for an amazing experience!","active"
"Victoria Nguyen","victoria.n@globaltech.net","gold","GlobalTech","Excited to see the latest trends!","active"
"Caleb Foster","caleb.f@nextgen.com","platinum","NextGen Innovations","Looking forward to the sessions!","active"
"jasmine","jasmine@gmail.com","vip","","","active"